
INSERT INTO clients (first_name, last_name, email) 
values
    ('Kate', 'Lillyson', '0@yahoo.com'),
    ('Serge', 'Alexer', '1@yahoo.com'),
    ('John', 'Sergeman', '2@yahoo.com'),
    ('Kate', 'Johns', '3@yahoo.com'),
    ('Lilly', 'Alexer', '4@yahoo.com'),
    ('Alex', 'Lillyson', '5@yahoo.com'),
    ('Serge', 'Marytrey', '6@yahoo.com'),
    ('Lilly', 'Alexer', '7@yahoo.com'),
    ('John', 'Marytrey', '8@yahoo.com'),
    ('Serge', 'Lillyson', '9@yahoo.com'),
    ('Mary', 'Sergeman', '10@yahoo.com'),
    ('John', 'Alexer', '11@yahoo.com'),
    ('John', 'Johns', '12@yahoo.com'),
    ('Lilly', 'Marytrey', '13@yahoo.com'),
    ('Alex', 'Katepim', '14@yahoo.com'),
    ('Serge', 'Alexer', '15@yahoo.com'),
    ('Lilly', 'Alexer', '16@yahoo.com'),
    ('John', 'Alexer', '17@yahoo.com'),
    ('John', 'Marytrey', '18@yahoo.com'),
    ('John', 'Marytrey', '19@yahoo.com'),
    ('Serge', 'Johns', '20@yahoo.com'),
    ('Mary', 'Katepim', '21@yahoo.com'),
    ('Lilly', 'Marytrey', '22@yahoo.com'),
    ('Serge', 'Alexer', '23@yahoo.com'),
    ('Mary', 'Marytrey', '24@yahoo.com'),
    ('Serge', 'Lillyson', '25@yahoo.com'),
    ('Mary', 'Johns', '26@yahoo.com'),
    ('Mary', 'Marytrey', '27@yahoo.com'),
    ('Lilly', 'Lillyson', '28@yahoo.com'),
    ('Mary', 'Johns', '29@yahoo.com'),
    ('Kate', 'Marytrey', '30@yahoo.com'),
    ('Serge', 'Katepim', '31@yahoo.com'),
    ('Kate', 'Johns', '32@yahoo.com'),
    ('Lilly', 'Katepim', '33@yahoo.com'),
    ('Serge', 'Johns', '34@yahoo.com'),
    ('Alex', 'Sergeman', '35@yahoo.com'),
    ('John', 'Johns', '36@yahoo.com'),
    ('Mary', 'Sergeman', '37@yahoo.com'),
    ('Alex', 'Lillyson', '38@yahoo.com'),
    ('Alex', 'Marytrey', '39@yahoo.com'),
    ('Kate', 'Alexer', '40@yahoo.com'),
    ('Serge', 'Marytrey', '41@yahoo.com'),
    ('Alex', 'Lillyson', '42@yahoo.com'),
    ('John', 'Johns', '43@yahoo.com'),
    ('John', 'Sergeman', '44@yahoo.com'),
    ('Kate', 'Katepim', '45@yahoo.com'),
    ('Kate', 'Sergeman', '46@yahoo.com'),
    ('Mary', 'Marytrey', '47@yahoo.com'),
    ('Kate', 'Katepim', '48@yahoo.com'),
    ('Kate', 'Alexer', '49@yahoo.com');
INSERT INTO addresses (country, province, city, street, building, apt, zipcode, client_id) 
values
    ('USA', 'NY', 'Boston', 'sherbrooke', 491, 5511, 100000, 1),
    ('Canada', 'NY', 'Denver', 'main', 79879, 4598, 100001, 2),
    ('USA', 'MN', 'Boston', '5th avenue', 269, 4598, 100002, 3),
    ('Canada', 'MN', 'Los Angeles', 'main', 489, 5587, 100003, 4),
    ('Canada', 'QC', 'California', 'johns', 5587, 4598, 100004, 5),
    ('Canada', 'ON', 'Denver', 'sherbrooke', 269, 489, 100005, 6),
    ('Canada', 'MN', 'Denver', 'main', 5587, 269, 100006, 7),
    ('Canada', 'MN', 'Massachusetts', 'sherbrooke', 491, 5587, 100007, 8),
    ('USA', 'NY', 'Denver', 'marques', 491, 269, 100008, 9),
    ('Canada', 'ON', 'Massachusetts', '5th avenue', 4598, 1584, 100009, 10),
    ('Canada', 'MN', 'Boston', 'johns', 491, 269, 100010, 11),
    ('Canada', 'NY', 'Colorado', 'sherbrooke', 489, 79879, 100011, 12),
    ('Canada', 'NY', 'California', 'main', 4598, 5511, 100012, 13),
    ('USA', 'GM', 'Massachusetts', 'johns', 4598, 5587, 100013, 14),
    ('USA', 'QC', 'Colorado', 'sherbrooke', 491, 491, 100014, 15),
    ('USA', 'GM', 'Boston', 'pushkin', 1584, 491, 100015, 16),
    ('USA', 'MN', 'Los Angeles', 'main', 5511, 491, 100016, 17),
    ('USA', 'QC', 'California', 'pushkin', 489, 5587, 100017, 18),
    ('Canada', 'GM', 'Denver', 'marques', 79879, 269, 100018, 19),
    ('Canada', 'QC', 'Denver', 'sherbrooke', 5587, 5511, 100019, 20),
    ('Canada', 'NY', 'Massachusetts', 'main', 491, 79879, 100020, 21),
    ('USA', 'MN', 'Boston', 'johns', 269, 5511, 100021, 22),
    ('Canada', 'NY', 'Los Angeles', 'pushkin', 489, 491, 100022, 23),
    ('USA', 'ON', 'California', 'sherbrooke', 489, 489, 100023, 24),
    ('Canada', 'QC', 'California', 'pushkin', 5511, 79879, 100024, 25),
    ('USA', 'GM', 'Denver', 'marques', 491, 491, 100025, 26),
    ('USA', 'QC', 'California', 'johns', 269, 269, 100026, 27),
    ('USA', 'MN', 'Denver', 'sherbrooke', 269, 5587, 100027, 28),
    ('USA', 'ON', 'Colorado', 'sherbrooke', 1584, 269, 100028, 29),
    ('Canada', 'QC', 'Denver', 'main', 5511, 79879, 100029, 30),
    ('USA', 'QC', 'California', 'main', 79879, 5587, 100030, 31),
    ('USA', 'QC', 'Colorado', 'sherbrooke', 269, 4598, 100031, 32),
    ('USA', 'NY', 'Denver', 'pushkin', 1584, 79879, 100032, 33),
    ('Canada', 'ON', 'Los Angeles', 'main', 269, 491, 100033, 34),
    ('USA', 'GM', 'Los Angeles', 'sherbrooke', 79879, 491, 100034, 35),
    ('Canada', 'NY', 'Colorado', 'marques', 269, 269, 100035, 36),
    ('Canada', 'MN', 'Massachusetts', 'johns', 491, 4598, 100036, 37),
    ('Canada', 'ON', 'California', '5th avenue', 489, 489, 100037, 38),
    ('Canada', 'QC', 'Colorado', '5th avenue', 491, 79879, 100038, 39),
    ('Canada', 'MN', 'Los Angeles', 'main', 79879, 269, 100039, 40),
    ('Canada', 'NY', 'Massachusetts', 'johns', 269, 1584, 100040, 41),
    ('Canada', 'NY', 'Boston', 'marques', 491, 5587, 100041, 42),
    ('USA', 'GM', 'Denver', 'sherbrooke', 491, 4598, 100042, 43),
    ('USA', 'QC', 'Denver', 'pushkin', 269, 1584, 100043, 44),
    ('USA', 'NY', 'Denver', '5th avenue', 1584, 5511, 100044, 45),
    ('Canada', 'QC', 'Denver', 'sherbrooke', 4598, 489, 100045, 46),
    ('USA', 'QC', 'Los Angeles', 'main', 491, 1584, 100046, 47),
    ('USA', 'QC', 'Massachusetts', 'marques', 1584, 489, 100047, 48),
    ('USA', 'MN', 'Colorado', 'johns', 489, 489, 100048, 49),
    ('USA', 'GM', 'California', 'main', 5587, 79879, 100049, 50);
INSERT INTO categories 
values
     ('drama', 5),
     ('series', 4),
     ('action', 6),
     ('xxx', 8),
     ('doc', 6),
     ('cartoons', 7);
INSERT INTO directors (d_last_name, d_first_name) 
values
     ('allen', 'woody'),
     ('tarantino', 'quentin'),
     ('braas', 'tinto'),
     ('spielberg', 'steven'),
     ('von trier', 'lars'),
     ('kubrik', 'stanley');
INSERT INTO actors (a_last_name, a_first_name) 
values
     ('schwarznegger', 'arnold'),
     ('baldwin', 'steve'),
     ('longoria', 'eva'),
     ('yovovich', 'mila'),
     ('pare', 'mike'),
     ('gerchon', 'gina');
INSERT INTO videos (title, year, categorie) 
values
        ('cowboys', 1998, 'series'),
        ('cats', 2008, 'xxx'),
        ('xxx', 1982, 'doc'),
        ('clockwork orange', 2007, 'cartoons'),
        ('cats', 2009, 'drama'),
        ('documentary', 2018, 'xxx'),
        ('dogville', 2010, 'doc'),
        ('dogs', 2007, 'cartoons'),
        ('xxx', 2007, 'series'),
        ('terminator', 1998, 'cartoons'),
        ('documentary', 2007, 'action'),
        ('titanic', 1981, 'series'),
        ('documentary', 2008, 'cartoons'),
        ('dogville', 2009, 'doc'),
        ('dogs', 2018, 'action'),
        ('dogville', 2009, 'xxx'),
        ('titanic', 2008, 'action'),
        ('cowboys', 1983, 'xxx'),
        ('titanic', 2009, 'cartoons'),
        ('xxx', 1982, 'action'),
        ('cats', 1982, 'series'),
        ('clockwork orange', 2007, 'cartoons'),
        ('dogs', 1981, 'action'),
        ('documentary', 1991, 'drama'),
        ('xxx', 1981, 'xxx'),
        ('cowboys', 2009, 'drama'),
        ('xxx', 2001, 'series'),
        ('documentary', 2018, 'drama'),
        ('cats', 2007, 'doc'),
        ('titanic', 1983, 'cartoons'),
        ('terminator', 1983, 'drama'),
        ('dogs', 2001, 'drama'),
        ('xxx', 2001, 'cartoons'),
        ('documentary', 1981, 'action'),
        ('xxx', 2010, 'action'),
        ('titanic', 2010, 'drama'),
        ('xxx', 1998, 'action'),
        ('xxx', 1983, 'doc'),
        ('xxx', 1991, 'action'),
        ('titanic', 1998, 'cartoons'),
        ('dogville', 2010, 'series'),
        ('terminator', 1982, 'series'),
        ('xxx', 2007, 'cartoons'),
        ('dogs', 2009, 'doc'),
        ('xxx', 2010, 'doc'),
        ('cowboys', 1998, 'xxx'),
        ('dogs', 1998, 'cartoons'),
        ('dogs', 1984, 'doc'),
        ('cowboys', 1997, 'action'),
        ('dogs', 1983, 'doc');
INSERT INTO videos_actors (video_id, actor_id) 
values
        (1, 2),
        (1, 1),
        (2, 3),
        (3, 4),
        (3, 3),
        (4, 4),
        (5, 3),
        (5, 6),
        (6, 1),
        (7, 5),
        (7, 4),
        (8, 5),
        (9, 1),
        (9, 6),
        (10, 4),
        (11, 4),
        (11, 1),
        (12, 2),
        (13, 4),
        (13, 1),
        (14, 1),
        (15, 1),
        (15, 3),
        (16, 2),
        (17, 1),
        (17, 2),
        (18, 3),
        (19, 5),
        (19, 4),
        (20, 5),
        (21, 5),
        (21, 5),
        (22, 4),
        (23, 3),
        (23, 3),
        (24, 1),
        (25, 2),
        (25, 2),
        (26, 5),
        (27, 4),
        (27, 2),
        (28, 5),
        (29, 1),
        (29, 1),
        (30, 2),
        (31, 6),
        (31, 6),
        (32, 5),
        (33, 3),
        (33, 5),
        (34, 1),
        (35, 6),
        (35, 4),
        (36, 5),
        (37, 4),
        (37, 3),
        (38, 1),
        (39, 3),
        (39, 1),
        (40, 3),
        (41, 6),
        (41, 6),
        (42, 6),
        (43, 6),
        (43, 3),
        (44, 3),
        (45, 3),
        (45, 2),
        (46, 6),
        (47, 4),
        (47, 5),
        (48, 6),
        (49, 6),
        (49, 6),
        (50, 1);
INSERT INTO videos_directors (video_id, director_id) 
values
        (1, 6),
        (2, 6),
        (3, 5),
        (4, 6),
        (5, 4),
        (6, 2),
        (7, 2),
        (8, 2),
        (9, 2),
        (10, 3),
        (11, 1),
        (12, 4),
        (13, 6),
        (14, 5),
        (15, 5),
        (16, 1),
        (17, 1),
        (18, 3),
        (19, 4),
        (20, 4),
        (21, 5),
        (22, 1),
        (23, 6),
        (24, 5),
        (25, 5),
        (26, 4),
        (27, 4),
        (28, 3),
        (29, 2),
        (30, 1),
        (31, 5),
        (32, 3),
        (33, 4),
        (34, 3),
        (35, 3),
        (36, 3),
        (37, 2),
        (38, 5),
        (39, 4),
        (40, 6),
        (41, 5),
        (42, 4),
        (43, 6),
        (44, 5),
        (45, 1),
        (46, 3),
        (47, 6),
        (48, 1),
        (49, 2),
        (50, 3);
INSERT INTO orders (order_date, rent_duration, client_id, video_id) 
values
        (NOW(), 1, 9, 23),
        (NOW(), 3, 24, 43),
        (NOW(), 7, 33, 18),
        (NOW(), 3, 45, 38),
        (NOW(), 1, 2, 13),
        (NOW(), 1, 13, 19),
        (NOW(), 1, 25, 45),
        (NOW(), 3, 27, 33),
        (NOW(), 1, 21, 33),
        (NOW(), 7, 11, 37),
        (NOW(), 1, 24, 17),
        (NOW(), 1, 20, 36),
        (NOW(), 3, 50, 18),
        (NOW(), 7, 15, 29),
        (NOW(), 3, 2, 29),
        (NOW(), 1, 23, 49),
        (NOW(), 1, 45, 49),
        (NOW(), 3, 17, 7),
        (NOW(), 3, 5, 50),
        (NOW(), 1, 46, 50),
        (NOW(), 7, 19, 1),
        (NOW(), 7, 46, 5),
        (NOW(), 1, 32, 40),
        (NOW(), 7, 12, 49),
        (NOW(), 3, 47, 8),
        (NOW(), 7, 4, 2),
        (NOW(), 1, 23, 46),
        (NOW(), 3, 35, 6),
        (NOW(), 3, 49, 37),
        (NOW(), 1, 2, 26),
        (NOW(), 3, 34, 4),
        (NOW(), 3, 12, 23),
        (NOW(), 7, 30, 39),
        (NOW(), 1, 40, 1),
        (NOW(), 1, 35, 14),
        (NOW(), 7, 1, 30),
        (NOW(), 3, 12, 1),
        (NOW(), 1, 45, 6),
        (NOW(), 7, 32, 34),
        (NOW(), 1, 37, 43),
        (NOW(), 1, 43, 23),
        (NOW(), 7, 44, 2),
        (NOW(), 7, 35, 21),
        (NOW(), 1, 37, 41),
        (NOW(), 3, 41, 19),
        (NOW(), 3, 50, 17),
        (NOW(), 1, 10, 27),
        (NOW(), 3, 14, 8),
        (NOW(), 7, 34, 19),
        (NOW(), 1, 33, 34),
        (NOW(), 1, 24, 14),
        (NOW(), 1, 5, 34),
        (NOW(), 7, 5, 26),
        (NOW(), 1, 4, 38),
        (NOW(), 3, 11, 2),
        (NOW(), 1, 36, 26),
        (NOW(), 7, 48, 45),
        (NOW(), 3, 27, 20),
        (NOW(), 7, 17, 11),
        (NOW(), 7, 9, 45),
        (NOW(), 1, 14, 25),
        (NOW(), 3, 18, 47),
        (NOW(), 3, 33, 35),
        (NOW(), 7, 5, 12),
        (NOW(), 3, 11, 2),
        (NOW(), 7, 35, 18),
        (NOW(), 3, 42, 20),
        (NOW(), 1, 49, 39),
        (NOW(), 3, 12, 20),
        (NOW(), 1, 22, 19),
        (NOW(), 3, 15, 6),
        (NOW(), 1, 7, 18),
        (NOW(), 7, 47, 16),
        (NOW(), 7, 21, 22),
        (NOW(), 1, 15, 35),
        (NOW(), 7, 47, 24),
        (NOW(), 1, 33, 50),
        (NOW(), 1, 19, 8),
        (NOW(), 3, 13, 15),
        (NOW(), 7, 37, 47),
        (NOW(), 1, 40, 18),
        (NOW(), 1, 44, 16),
        (NOW(), 1, 40, 10),
        (NOW(), 3, 28, 31),
        (NOW(), 3, 5, 18),
        (NOW(), 7, 34, 13),
        (NOW(), 7, 12, 31),
        (NOW(), 7, 30, 12),
        (NOW(), 3, 23, 37),
        (NOW(), 3, 23, 22),
        (NOW(), 3, 50, 20),
        (NOW(), 1, 1, 12),
        (NOW(), 7, 49, 42),
        (NOW(), 1, 41, 40),
        (NOW(), 3, 36, 13),
        (NOW(), 1, 34, 4),
        (NOW(), 1, 35, 31),
        (NOW(), 1, 4, 37),
        (NOW(), 3, 35, 22),
        (NOW(), 3, 31, 42);